1,2,الجزء الأول - الحزب (1)
2,27,ربع الحزب (1)
2,45, نصف الحزب (1)
2,61, ثلاثة أرباع الحزب (1)
2,76, الحزب (2)
2,93, ربع الحزب (2)
2,107, نصف الحزب (2)
2,125, ثلاثة أرباع الحزب (2)
2,143,الجزء الثاني - الحزب (3)
2,159, ربع الحزب (3)
2,178, نصف الحزب (3)
2,190, ثلاثة أرباع الحزب (3)
2,204, الحزب (4)
2,220, ربع الحزب (4)
2,234, نصف الحزب (4)
2,244, ثلاثة أرباع الحزب (4)
2,254,الجزء الثالث - الحزب (5)
2,264, ربع الحزب (5)
2,273, نصف الحزب (5)
2,284, ثلاثة أرباع الحزب (5)
3,16, الحزب (6)
3,34, ربع الحزب (6)
3,53, نصف الحزب (6)
3,76, ثلاثة أرباع الحزب (6)
3,94,الجزء الرابع - الحزب (7)
3,114, ربع الحزب (7)
3,134, نصف الحزب (7)
3,154, ثلاثة أرباع الحزب (7)
3,172, الحزب (8)
3,187, ربع الحزب (8)
4,2, نصف الحزب (8)
4,13, ثلاثة أرباع الحزب (8)
4,25,الجزء الخامس - الحزب (9)
4,37, ربع الحزب (9)
4,59, نصف الحزب (9)
4,75, ثلاثة أرباع الحزب (9)
4,89, الحزب (10)
4,101, ربع الحزب (10)
4,115, نصف الحزب (10)
4,136, ثلاثة أرباع الحزب (10)
4,149,الجزء السادس - الحزب (11)
4,164, ربع الحزب (11)
5,2, نصف الحزب (11)
5,13, ثلاثة أرباع الحزب (11)
5,28, الحزب (12)
5,42, ربع الحزب (12)
5,52, نصف الحزب (12)
5,68, ثلاثة أرباع الحزب (12)
5,83,الجزء السابع - الحزب (13)
5,98, ربع الحزب (13)
5,110, نصف الحزب (13)
6,14, ثلاثة أرباع الحزب (13)
6,37, الحزب (14)
6,60, ربع الحزب (14)
6,75, نصف الحزب (14)
6,96, ثلاثة أرباع الحزب (14)
6,112,الجزء الثامن - الحزب (15)
6,128, ربع الحزب (15)
6,142, نصف الحزب (15)
6,152, ثلاثة أرباع الحزب (15)
7,2, الحزب (16)
7,32, ربع الحزب (16)
7,48, نصف الحزب (16)
7,66, ثلاثة أرباع الحزب (16)
7,89,الجزء التاسع - الحزب (17)
7,118, ربع الحزب (17)
7,143, نصف الحزب (17)
7,157, ثلاثة أرباع الحزب (17)
7,172, الحزب (18)
7,190, ربع الحزب (18)
8,2, نصف الحزب (18)
8,23, ثلاثة أرباع الحزب (18)
8,42,الجزء العاشر - الحزب (19)
8,62, ربع الحزب (19)
9,2, نصف الحزب (19)
9,20, ثلاثة أرباع الحزب (19)
9,35, الحزب (20)
9,47, ربع الحزب (20)
9,61, نصف الحزب (20)
9,76, ثلاثة أرباع الحزب (20)
9,94,الجزء الحادي عشر - الحزب (21)
9,112, ربع الحزب (21)
9,123, نصف الحزب (21)
10,12, ثلاثة أرباع الحزب (21)
10,27, الحزب (22)
10,54, ربع الحزب (22)
10,72, نصف الحزب (22)
10,91, ثلاثة أرباع الحزب (22)
11,7,الجزء الثاني عشر - الحزب (23)
11,25, ربع الحزب (23)
11,42, نصف الحزب (23)
11,62, ثلاثة أرباع الحزب (23)
11,85, الحزب (24)
11,109, ربع الحزب (24)
12,8, نصف الحزب (24)
12,31, ثلاثة أرباع الحزب (24)
12,54,الجزء الثالث عشر - الحزب (25)
12,78, ربع الحزب (25)
12,102, نصف الحزب (25)
13,6, ثلاثة أرباع الحزب (25)
13,20, الحزب (26)
13,36, ربع الحزب (26)
14,11, نصف الحزب (26)
14,29, ثلاثة أرباع الحزب (26)
15,2,الجزء الرابع عشر - الحزب (27)
15,50, ربع الحزب (27)
16,2, نصف الحزب (27)
16,31, ثلاثة أرباع الحزب (27)
16,52, الحزب (28)
16,76, ربع الحزب (28)
16,91, نصف الحزب (28)
16,112, ثلاثة أرباع الحزب (28)
17,2,الجزء الخامس عشر - الحزب (29)
17,24, ربع الحزب (29)
17,51, نصف الحزب (29)
17,71, ثلاثة أرباع الحزب (29)
17,100, الحزب (30)
18,18, ربع الحزب (30)
18,33, نصف الحزب (30)
18,52, ثلاثة أرباع الحزب (30)
18,76,الجزء السادس عشر - الحزب (31)
18,100, ربع الحزب (31)
19,23, نصف الحزب (31)
19,60, ثلاثة أرباع الحزب (31)
20,2, الحزب (32)
20,56, ربع الحزب (32)
20,84, نصف الحزب (32)
20,112, ثلاثة أرباع الحزب (32)
21,2,الجزء السابع عشر - الحزب (33)
21,30, ربع الحزب (33)
21,52, نصف الحزب (33)
21,83, ثلاثة أرباع الحزب (33)
22,2, الحزب (34)
22,20, ربع الحزب (34)
22,39, نصف الحزب (34)
22,61, ثلاثة أرباع الحزب (34)
23,2,الجزء الثامن عشر - الحزب (35)
23,37, ربع الحزب (35)
23,76, نصف الحزب (35)
24,2, ثلاثة أرباع الحزب (35)
24,22, الحزب (36)
24,36, ربع الحزب (36)
24,54, نصف الحزب (36)
25,2, ثلاثة أرباع الحزب (36)
25,22,الجزء التاسع عشر - الحزب (37)
25,54, ربع الحزب (37)
26,2, نصف الحزب (37)
26,53, ثلاثة أرباع الحزب (37)
26,112, الحزب (38)
26,182, ربع الحزب (38)
27,2, نصف الحزب (38)
27,28, ثلاثة أرباع الحزب (38)
27,57,الجزء العشرون - الحزب (39)
27,83, ربع الحزب (39)
28,13, نصف الحزب (39)
28,30, ثلاثة أرباع الحزب (39)
28,52, الحزب (40)
28,77, ربع الحزب (40)
29,2, نصف الحزب (40)
29,27, ثلاثة أرباع الحزب (40)
29,47,الجزء الحادي والعشرون - الحزب (41)
30,2, ربع الحزب (41)
30,32, نصف الحزب (41)
30,55, ثلاثة أرباع الحزب (41)
31,23, الحزب (42)
32,12, ربع الحزب (42)
33,2, نصف الحزب (42)
33,19, ثلاثة أرباع الحزب (42)
33,32,الجزء الثاني والعشرون - الحزب (43)
33,52, ربع الحزب (43)
33,61, نصف الحزب (43)
34,11, ثلاثة أرباع الحزب (43)
34,25, الحزب (44)
34,47, ربع الحزب (44)
35,16, نصف الحزب (44)
35,42, ثلاثة أرباع الحزب (44)
36,29,الجزء الثالث والعشرون - الحزب (45)
36,61, ربع الحزب (45)
37,23, نصف الحزب (45)
37,84, ثلاثة أرباع الحزب (45)
37,146, الحزب (46)
38,22, ربع الحزب (46)
38,53, نصف الحزب (46)
39,9, ثلاثة أرباع الحزب (46)
39,33,الجزء الرابع والعشرون - الحزب (47)
39,54, ربع الحزب (47)
40,2, نصف الحزب (47)
40,22, ثلاثة أرباع الحزب (47)
40,42, الحزب (48)
40,67, ربع الحزب (48)
41,10, نصف الحزب (48)
41,26, ثلاثة أرباع الحزب (48)
41,48,الجزء الخامس والعشرون - الحزب (49)
42,14, ربع الحزب (49)
42,28, نصف الحزب (49)
42,52, ثلاثة أرباع الحزب (49)
43,25, الحزب (50)
43,58, ربع الحزب (50)
44,18, نصف الحزب (50)
45,13, ثلاثة أرباع الحزب (50)
46,2,الجزء السادس والعشرون - الحزب (51)
46,22, ربع الحزب (51)
47,11, نصف الحزب (51)
47,34, ثلاثة أرباع الحزب (51)
48,19, الحزب (52)
49,2, ربع الحزب (52)
49,15, نصف الحزب (52)
50,28, ثلاثة أرباع الحزب (52)
51,32,الجزء السابع والعشرون - الحزب (53)
52,25, ربع الحزب (53)
53,27, نصف الحزب (53)
54,10, ثلاثة أرباع الحزب (53)
55,2, الحزب (54)
56,2, ربع الحزب (54)
56,76, نصف الحزب (54)
57,17, ثلاثة أرباع الحزب (54)
58,2,الجزء الثامن والعشرون - الحزب (55)
58,15, ربع الحزب (55)
59,12, نصف الحزب (55)
60,8, ثلاثة أرباع الحزب (55)
62,2, الحزب (56)
63,5, ربع الحزب (56)
65,2, نصف الحزب (56)
66,2, ثلاثة أرباع الحزب (56)
67,2,الجزء التاسع والعشرون - الحزب (57)
68,2, ربع الحزب (57)
69,2, نصف الحزب (57)
70,20, ثلاثة أرباع الحزب (57)
72,2, الحزب (58)
74,1, ربع الحزب (58)
75,2, نصف الحزب (58)
76,20, ثلاثة أرباع الحزب (58)
78,2,الجزء الثلاثون - الحزب (59)
80,2, ربع الحزب (59)
82,2, نصف الحزب (59)
84,2, ثلاثة أرباع الحزب (59)
87,2, الحزب (60)
90,2, ربع الحزب (60)
94,2, نصف الحزب (60)
100,10, ثلاثة أرباع الحزب (60)
