 الحزب  (1), ربع الحزب (1), نصف الحزب (1), ثلاثة أرباع الحزب (1)
 الحزب  (1), ربع الحزب (1), نصف الحزب (1), ثلاثة أرباع الحزب (1)
 الحزب (2), ربع الحزب (2), نصف الحزب (2), ثلاثة أرباع الحزب (2)
 الحزب (3), ربع الحزب (3), نصف الحزب (3), ثلاثة أرباع الحزب (3)
 الحزب (3), ربع الحزب (3), نصف الحزب (3), ثلاثة أرباع الحزب (3)
 الحزب (4), ربع الحزب (4), نصف الحزب (4), ثلاثة أرباع الحزب (4)
 الحزب (5), ربع الحزب (5), نصف الحزب (5), ثلاثة أرباع الحزب (5)
 الحزب (5), ربع الحزب (5), نصف الحزب (5), ثلاثة أرباع الحزب (5)
 الحزب (6), ربع الحزب (6), نصف الحزب (6), ثلاثة أرباع الحزب (6)
 الحزب (7), ربع الحزب (7), نصف الحزب (7), ثلاثة أرباع الحزب (7)
 الحزب (7), ربع الحزب (7), نصف الحزب (7), ثلاثة أرباع الحزب (7)
 الحزب (8), ربع الحزب (8), نصف الحزب (8), ثلاثة أرباع الحزب (8)
 الحزب (9), ربع الحزب (9), نصف الحزب (9), ثلاثة أرباع الحزب (9)
 الحزب (9), ربع الحزب (9), نصف الحزب (9), ثلاثة أرباع الحزب (9)
 الحزب (10), ربع الحزب (10), نصف الحزب (10), ثلاثة أرباع الحزب (10)
 الحزب (11), ربع الحزب (11), نصف الحزب (11), ثلاثة أرباع الحزب (11)
 الحزب (11), ربع الحزب (11), نصف الحزب (11), ثلاثة أرباع الحزب (11)
 الحزب (12), ربع الحزب (12), نصف الحزب (12), ثلاثة أرباع الحزب (12)
 الحزب (13), ربع الحزب (13), نصف الحزب (13), ثلاثة أرباع الحزب (13)
 الحزب (13), ربع الحزب (13), نصف الحزب (13), ثلاثة أرباع الحزب (13)
 الحزب (14), ربع الحزب (14), نصف الحزب (14), ثلاثة أرباع الحزب (14)
 الحزب (15), ربع الحزب (15), نصف الحزب (15), ثلاثة أرباع الحزب (15)
 الحزب (15), ربع الحزب (15), نصف الحزب (15), ثلاثة أرباع الحزب (15)
 الحزب (16), ربع الحزب (16), نصف الحزب (16), ثلاثة أرباع الحزب (16)
 الحزب (17), ربع الحزب (17), نصف الحزب (17), ثلاثة أرباع الحزب (17)
 الحزب (17), ربع الحزب (17), نصف الحزب (17), ثلاثة أرباع الحزب (17)
 الحزب (18), ربع الحزب (18), نصف الحزب (18), ثلاثة أرباع الحزب (18)
 الحزب (19), ربع الحزب (19), نصف الحزب (19), ثلاثة أرباع الحزب (19)
 الحزب (19), ربع الحزب (19), نصف الحزب (19), ثلاثة أرباع الحزب (19)
 الحزب (20), ربع الحزب (20), نصف الحزب (20), ثلاثة أرباع الحزب (20)
 الحزب (21), ربع الحزب (21), نصف الحزب (21), ثلاثة أرباع الحزب (21)
 الحزب (21), ربع الحزب (21), نصف الحزب (21), ثلاثة أرباع الحزب (21)
 الحزب (22), ربع الحزب (22), نصف الحزب (22), ثلاثة أرباع الحزب (22)
 الحزب (23), ربع الحزب (23), نصف الحزب (23), ثلاثة أرباع الحزب (23)
 الحزب (23), ربع الحزب (23), نصف الحزب (23), ثلاثة أرباع الحزب (23)
 الحزب (24), ربع الحزب (24), نصف الحزب (24), ثلاثة أرباع الحزب (24)
 الحزب (25), ربع الحزب (25), نصف الحزب (25), ثلاثة أرباع الحزب (25)
 الحزب (25), ربع الحزب (25), نصف الحزب (25), ثلاثة أرباع الحزب (25)
 الحزب (26), ربع الحزب (26), نصف الحزب (26), ثلاثة أرباع الحزب (26)
 الحزب (27), ربع الحزب (27), نصف الحزب (27), ثلاثة أرباع الحزب (27)
 الحزب (27), ربع الحزب (27), نصف الحزب (27), ثلاثة أرباع الحزب (27)
 الحزب (28), ربع الحزب (28), نصف الحزب (28), ثلاثة أرباع الحزب (28)
 الحزب (29), ربع الحزب (29), نصف الحزب (29), ثلاثة أرباع الحزب (29)
 الحزب (29), ربع الحزب (29), نصف الحزب (29), ثلاثة أرباع الحزب (29)
 الحزب (30), ربع الحزب (30), نصف الحزب (30), ثلاثة أرباع الحزب (30)
 الحزب (31), ربع الحزب (31), نصف الحزب (31), ثلاثة أرباع الحزب (31)
 الحزب (31), ربع الحزب (31), نصف الحزب (31), ثلاثة أرباع الحزب (31)
 الحزب (32), ربع الحزب (32), نصف الحزب (32), ثلاثة أرباع الحزب (32)
 الحزب (33), ربع الحزب (33), نصف الحزب (33), ثلاثة أرباع الحزب (33)
 الحزب (33), ربع الحزب (33), نصف الحزب (33), ثلاثة أرباع الحزب (33)
 الحزب (34), ربع الحزب (34), نصف الحزب (34), ثلاثة أرباع الحزب (34)
 الحزب (35), ربع الحزب (35), نصف الحزب (35), ثلاثة أرباع الحزب (35)
 الحزب (35), ربع الحزب (35), نصف الحزب (35), ثلاثة أرباع الحزب (35)
 الحزب (36), ربع الحزب (36), نصف الحزب (36), ثلاثة أرباع الحزب (36)
 الحزب (37), ربع الحزب (37), نصف الحزب (37), ثلاثة أرباع الحزب (37)
 الحزب (37), ربع الحزب (37), نصف الحزب (37), ثلاثة أرباع الحزب (37)
 الحزب (38), ربع الحزب (38), نصف الحزب (38), ثلاثة أرباع الحزب (38)
 الحزب (39), ربع الحزب (39), نصف الحزب (39), ثلاثة أرباع الحزب (39)
 الحزب (39), ربع الحزب (39), نصف الحزب (39), ثلاثة أرباع الحزب (39)
 الحزب (40), ربع الحزب (40), نصف الحزب (40), ثلاثة أرباع الحزب (40)
 الحزب (41), ربع الحزب (41), نصف الحزب (41), ثلاثة أرباع الحزب (41)
 الحزب (41), ربع الحزب (41), نصف الحزب (41), ثلاثة أرباع الحزب (41)
 الحزب (42), ربع الحزب (42), نصف الحزب (42), ثلاثة أرباع الحزب (42)
 الحزب (43), ربع الحزب (43), نصف الحزب (43), ثلاثة أرباع الحزب (43)
 الحزب (43), ربع الحزب (43), نصف الحزب (43), ثلاثة أرباع الحزب (43)
 الحزب (44), ربع الحزب (44), نصف الحزب (44), ثلاثة أرباع الحزب (44)
 الحزب (45), ربع الحزب (45), نصف الحزب (45), ثلاثة أرباع الحزب (45)
 الحزب (45), ربع الحزب (45), نصف الحزب (45), ثلاثة أرباع الحزب (45)
 الحزب (46), ربع الحزب (46), نصف الحزب (46), ثلاثة أرباع الحزب (46)
 الحزب (47), ربع الحزب (47), نصف الحزب (47), ثلاثة أرباع الحزب (47)
 الحزب (47), ربع الحزب (47), نصف الحزب (47), ثلاثة أرباع الحزب (47)
 الحزب (48), ربع الحزب (48), نصف الحزب (48), ثلاثة أرباع الحزب (48)
 الحزب (49), ربع الحزب (49), نصف الحزب (49), ثلاثة أرباع الحزب (49)
 الحزب (49), ربع الحزب (49), نصف الحزب (49), ثلاثة أرباع الحزب (49)
 الحزب (50), ربع الحزب (50), نصف الحزب (50), ثلاثة أرباع الحزب (50)
 الحزب (51), ربع الحزب (51), نصف الحزب (51), ثلاثة أرباع الحزب (51)
 الحزب (51), ربع الحزب (51), نصف الحزب (51), ثلاثة أرباع الحزب (51)
 الحزب (52), ربع الحزب (52), نصف الحزب (52), ثلاثة أرباع الحزب (52)
 الحزب (53), ربع الحزب (53), نصف الحزب (53), ثلاثة أرباع الحزب (53)
 الحزب (53), ربع الحزب (53), نصف الحزب (53), ثلاثة أرباع الحزب (53)
 الحزب (54), ربع الحزب (54), نصف الحزب (54), ثلاثة أرباع الحزب (54)
 الحزب (55), ربع الحزب (55), نصف الحزب (55), ثلاثة أرباع الحزب (55)
 الحزب (55), ربع الحزب (55), نصف الحزب (55), ثلاثة أرباع الحزب (55)
 الحزب (56), ربع الحزب (56), نصف الحزب (56), ثلاثة أرباع الحزب (56)
 الحزب (57), ربع الحزب (57), نصف الحزب (57), ثلاثة أرباع الحزب (57)
 الحزب (57), ربع الحزب (57), نصف الحزب (57), ثلاثة أرباع الحزب (57)
 الحزب (58), ربع الحزب (58), نصف الحزب (58), ثلاثة أرباع الحزب (58)
 الحزب (59), ربع الحزب (59), نصف الحزب (59), ثلاثة أرباع الحزب (59)
 الحزب (59), ربع الحزب (59), نصف الحزب (59), ثلاثة أرباع الحزب (59)
 الحزب (60), ربع الحزب (60), نصف الحزب (60), ثلاثة أرباع الحزب (60)
